{
  "Homepage" : {
    "transaction" : "Homepage",
    "sampleCount" : 40,
    "errorCount" : 0,
    "errorPct" : 0.0,
    "meanResTime" : 20200.199999999997,
    "medianResTime" : 18293.0,
    "minResTime" : 9804.0,
    "maxResTime" : 43972.0,
    "pct1ResTime" : 31519.699999999997,
    "pct2ResTime" : 37450.44999999999,
    "pct3ResTime" : 43972.0,
    "throughput" : 0.8931362479346224,
    "receivedKBytesPerSec" : 187.54465681239674,
    "sentKBytesPerSec" : 0.1020477939534676
  },
  "Add Shopping Cart" : {
    "transaction" : "Add Shopping Cart",
    "sampleCount" : 40,
    "errorCount" : 0,
    "errorPct" : 0.0,
    "meanResTime" : 4007.525,
    "medianResTime" : 3349.5,
    "minResTime" : 1116.0,
    "maxResTime" : 14621.0,
    "pct1ResTime" : 7244.5999999999985,
    "pct2ResTime" : 10441.849999999997,
    "pct3ResTime" : 14621.0,
    "throughput" : 0.45673049475330846,
    "receivedKBytesPerSec" : 12.961511892120258,
    "sentKBytesPerSec" : 0.1333617362609758
  },
  "Category" : {
    "transaction" : "Category",
    "sampleCount" : 40,
    "errorCount" : 0,
    "errorPct" : 0.0,
    "meanResTime" : 14162.974999999999,
    "medianResTime" : 13172.0,
    "minResTime" : 4657.0,
    "maxResTime" : 26925.0,
    "pct1ResTime" : 22132.899999999998,
    "pct2ResTime" : 23233.6,
    "pct3ResTime" : 26925.0,
    "throughput" : 0.40120361083249745,
    "receivedKBytesPerSec" : 66.4614938565697,
    "sentKBytesPerSec" : 0.05916186058174523
  },
  "Use Coupons Page" : {
    "transaction" : "Use Coupons Page",
    "sampleCount" : 40,
    "errorCount" : 0,
    "errorPct" : 0.0,
    "meanResTime" : 3287.7250000000004,
    "medianResTime" : 2952.5,
    "minResTime" : 531.0,
    "maxResTime" : 7850.0,
    "pct1ResTime" : 6062.9,
    "pct2ResTime" : 6505.75,
    "pct3ResTime" : 7850.0,
    "throughput" : 0.5137096256341103,
    "receivedKBytesPerSec" : 14.244907050664613,
    "sentKBytesPerSec" : 0.14799251910357672
  },
  "Bangla to English" : {
    "transaction" : "Bangla to English",
    "sampleCount" : 40,
    "errorCount" : 0,
    "errorPct" : 0.0,
    "meanResTime" : 11661.000000000004,
    "medianResTime" : 10822.0,
    "minResTime" : 6078.0,
    "maxResTime" : 25901.0,
    "pct1ResTime" : 16966.6,
    "pct2ResTime" : 22218.39999999999,
    "pct3ResTime" : 25901.0,
    "throughput" : 0.8342544893319708,
    "receivedKBytesPerSec" : 160.60702442280018,
    "sentKBytesPerSec" : 0.09776419796859032
  },
  "Product Check" : {
    "transaction" : "Product Check",
    "sampleCount" : 40,
    "errorCount" : 0,
    "errorPct" : 0.0,
    "meanResTime" : 14980.075000000003,
    "medianResTime" : 14781.5,
    "minResTime" : 2264.0,
    "maxResTime" : 26814.0,
    "pct1ResTime" : 23434.699999999997,
    "pct2ResTime" : 24009.85,
    "pct3ResTime" : 26814.0,
    "throughput" : 0.45524902121460437,
    "receivedKBytesPerSec" : 88.67685206327391,
    "sentKBytesPerSec" : 0.06846518483110262
  },
  "After Login-0" : {
    "transaction" : "After Login-0",
    "sampleCount" : 40,
    "errorCount" : 0,
    "errorPct" : 0.0,
    "meanResTime" : 387.04999999999995,
    "medianResTime" : 239.5,
    "minResTime" : 219.0,
    "maxResTime" : 1492.0,
    "pct1ResTime" : 1135.9999999999993,
    "pct2ResTime" : 1373.9499999999998,
    "pct3ResTime" : 1492.0,
    "throughput" : 0.8677166037572129,
    "receivedKBytesPerSec" : 0.42453712742418326,
    "sentKBytesPerSec" : 0.1177857499240748
  },
  "Add Shopping Cart-0" : {
    "transaction" : "Add Shopping Cart-0",
    "sampleCount" : 40,
    "errorCount" : 0,
    "errorPct" : 0.0,
    "meanResTime" : 845.0749999999999,
    "medianResTime" : 534.0,
    "minResTime" : 436.0,
    "maxResTime" : 1857.0,
    "pct1ResTime" : 1676.6999999999998,
    "pct2ResTime" : 1821.4499999999998,
    "pct3ResTime" : 1857.0,
    "throughput" : 0.45998160073597055,
    "receivedKBytesPerSec" : 0.25020483555657774,
    "sentKBytesPerSec" : 0.0673801172953082
  },
  "Registration page" : {
    "transaction" : "Registration page",
    "sampleCount" : 40,
    "errorCount" : 0,
    "errorPct" : 0.0,
    "meanResTime" : 4396.15,
    "medianResTime" : 3936.0,
    "minResTime" : 2105.0,
    "maxResTime" : 8896.0,
    "pct1ResTime" : 7295.299999999999,
    "pct2ResTime" : 7913.4,
    "pct3ResTime" : 8896.0,
    "throughput" : 0.8398773779028261,
    "receivedKBytesPerSec" : 31.69552870280939,
    "sentKBytesPerSec" : 0.12384910553059254
  },
  "After Login-1" : {
    "transaction" : "After Login-1",
    "sampleCount" : 40,
    "errorCount" : 0,
    "errorPct" : 0.0,
    "meanResTime" : 18019.3,
    "medianResTime" : 16362.5,
    "minResTime" : 6368.0,
    "maxResTime" : 41308.0,
    "pct1ResTime" : 28052.0,
    "pct2ResTime" : 40614.999999999956,
    "pct3ResTime" : 41308.0,
    "throughput" : 0.6135439834343124,
    "receivedKBytesPerSec" : 128.83464989646447,
    "sentKBytesPerSec" : 0.07249884960503107
  },
  "Add Shopping Cart-1" : {
    "transaction" : "Add Shopping Cart-1",
    "sampleCount" : 40,
    "errorCount" : 0,
    "errorPct" : 0.0,
    "meanResTime" : 3162.3499999999995,
    "medianResTime" : 2337.0,
    "minResTime" : 619.0,
    "maxResTime" : 14112.0,
    "pct1ResTime" : 6726.899999999999,
    "pct2ResTime" : 9869.399999999992,
    "pct3ResTime" : 14112.0,
    "throughput" : 0.4620484919892343,
    "receivedKBytesPerSec" : 12.861101725751118,
    "sentKBytesPerSec" : 0.06723166533827725
  },
  "Refund Policy" : {
    "transaction" : "Refund Policy",
    "sampleCount" : 40,
    "errorCount" : 0,
    "errorPct" : 0.0,
    "meanResTime" : 6846.999999999999,
    "medianResTime" : 5784.5,
    "minResTime" : 795.0,
    "maxResTime" : 18955.0,
    "pct1ResTime" : 13705.399999999998,
    "pct2ResTime" : 15882.899999999998,
    "pct3ResTime" : 18955.0,
    "throughput" : 0.5345806882726362,
    "receivedKBytesPerSec" : 60.36428750417641,
    "sentKBytesPerSec" : 0.069954894754427
  },
  "Replacement Policy" : {
    "transaction" : "Replacement Policy",
    "sampleCount" : 40,
    "errorCount" : 0,
    "errorPct" : 0.0,
    "meanResTime" : 5985.150000000001,
    "medianResTime" : 5670.0,
    "minResTime" : 751.0,
    "maxResTime" : 12619.0,
    "pct1ResTime" : 10121.099999999999,
    "pct2ResTime" : 12365.549999999996,
    "pct3ResTime" : 12619.0,
    "throughput" : 0.6056843476022471,
    "receivedKBytesPerSec" : 65.42869675656033,
    "sentKBytesPerSec" : 0.0822169182780394
  },
  "Use Coupons Page-0" : {
    "transaction" : "Use Coupons Page-0",
    "sampleCount" : 40,
    "errorCount" : 0,
    "errorPct" : 0.0,
    "meanResTime" : 475.04999999999995,
    "medianResTime" : 266.5,
    "minResTime" : 191.0,
    "maxResTime" : 2407.0,
    "pct1ResTime" : 824.6,
    "pct2ResTime" : 1479.0,
    "pct3ResTime" : 2407.0,
    "throughput" : 0.5159625927120284,
    "receivedKBytesPerSec" : 0.27158577878103835,
    "sentKBytesPerSec" : 0.07809980651402773
  },
  "Use Coupons Page-1" : {
    "transaction" : "Use Coupons Page-1",
    "sampleCount" : 40,
    "errorCount" : 0,
    "errorPct" : 0.0,
    "meanResTime" : 2812.5499999999997,
    "medianResTime" : 2335.0,
    "minResTime" : 340.0,
    "maxResTime" : 7597.0,
    "pct1ResTime" : 5551.4,
    "pct2ResTime" : 6263.599999999998,
    "pct3ResTime" : 7597.0,
    "throughput" : 0.5154705601876313,
    "receivedKBytesPerSec" : 14.022410082604157,
    "sentKBytesPerSec" : 0.07047449065065271
  },
  "After Login" : {
    "transaction" : "After Login",
    "sampleCount" : 40,
    "errorCount" : 0,
    "errorPct" : 0.0,
    "meanResTime" : 18407.0,
    "medianResTime" : 16600.0,
    "minResTime" : 6596.0,
    "maxResTime" : 41770.0,
    "pct1ResTime" : 28290.1,
    "pct2ResTime" : 40973.69999999995,
    "pct3ResTime" : 41770.0,
    "throughput" : 0.6112002444800978,
    "receivedKBytesPerSec" : 128.64153583161433,
    "sentKBytesPerSec" : 0.15518756207502485
  },
  "Customer Complain" : {
    "transaction" : "Customer Complain",
    "sampleCount" : 40,
    "errorCount" : 0,
    "errorPct" : 0.0,