{
  "Homepage" : {
    "transaction" : "Homepage",
    "sampleCount" : 10,
    "errorCount" : 0,
    "errorPct" : 0.0,
    "meanResTime" : 8398.6,
    "medianResTime" : 8166.0,
    "minResTime" : 6923.0,
    "maxResTime" : 10761.0,
    "pct1ResTime" : 10624.7,
    "pct2ResTime" : 10761.0,
    "pct3ResTime" : 10761.0,
    "throughput" : 0.9129085265656381,
    "receivedKBytesPerSec" : 191.6965263830564,
    "sentKBytesPerSec" : 0.10430693125798794
  },
  "Add Shopping Cart" : {
    "transaction" : "Add Shopping Cart",
    "sampleCount" : 10,
    "errorCount" : 0,
    "errorPct" : 0.0,
    "meanResTime" : 1785.3000000000002,
    "medianResTime" : 1637.5,
    "minResTime" : 1128.0,
    "maxResTime" : 3423.0,
    "pct1ResTime" : 3336.5000000000005,
    "pct2ResTime" : 3423.0,
    "pct3ResTime" : 3423.0,
    "throughput" : 1.0582010582010584,
    "receivedKBytesPerSec" : 30.030588624338627,
    "sentKBytesPerSec" : 0.3089864417989418
  },
  "Category" : {
    "transaction" : "Category",
    "sampleCount" : 10,
    "errorCount" : 0,
    "errorPct" : 0.0,
    "meanResTime" : 6086.8,
    "medianResTime" : 6338.0,
    "minResTime" : 4451.0,
    "maxResTime" : 7354.0,
    "pct1ResTime" : 7286.3,
    "pct2ResTime" : 7354.0,
    "pct3ResTime" : 7354.0,
    "throughput" : 0.6669334400426837,
    "receivedKBytesPerSec" : 110.48104137488329,
    "sentKBytesPerSec" : 0.09834663031879419
  },
  "Use Coupons Page" : {
    "transaction" : "Use Coupons Page",
    "sampleCount" : 10,
    "errorCount" : 0,
    "errorPct" : 0.0,
    "meanResTime" : 1372.5,
    "medianResTime" : 1519.0,
    "minResTime" : 677.0,
    "maxResTime" : 1745.0,
    "pct1ResTime" : 1737.5,
    "pct2ResTime" : 1745.0,
    "pct3ResTime" : 1745.0,
    "throughput" : 0.7345379756133392,
    "receivedKBytesPerSec" : 20.368365056192154,
    "sentKBytesPerSec" : 0.21161006133392096
  },
  "Bangla to English" : {
    "transaction" : "Bangla to English",
    "sampleCount" : 10,
    "errorCount" : 0,
    "errorPct" : 0.0,
    "meanResTime" : 7103.6,
    "medianResTime" : 6860.0,
    "minResTime" : 5148.0,
    "maxResTime" : 10399.0,
    "pct1ResTime" : 10265.0,
    "pct2ResTime" : 10399.0,
    "pct3ResTime" : 10399.0,
    "throughput" : 0.8238589553468446,
    "receivedKBytesPerSec" : 158.6057217004449,
    "sentKBytesPerSec" : 0.09654597132970835
  },
  "Product Check" : {
    "transaction" : "Product Check",
    "sampleCount" : 10,
    "errorCount" : 0,
    "errorPct" : 0.0,
    "meanResTime" : 7353.8,
    "medianResTime" : 7150.5,
    "minResTime" : 5207.0,
    "maxResTime" : 10511.0,
    "pct1ResTime" : 10384.7,
    "pct2ResTime" : 10511.0,
    "pct3ResTime" : 10511.0,
    "throughput" : 0.540423692174665,
    "receivedKBytesPerSec" : 105.26762161221897,
    "sentKBytesPerSec" : 0.08127465683095546
  },
  "After Login-0" : {
    "transaction" : "After Login-0",
    "sampleCount" : 10,
    "errorCount" : 0,
    "errorPct" : 0.0,
    "meanResTime" : 364.40000000000003,
    "medianResTime" : 170.5,
    "minResTime" : 165.0,
    "maxResTime" : 1142.0,
    "pct1ResTime" : 1129.5,
    "pct2ResTime" : 1142.0,
    "pct3ResTime" : 1142.0,
    "throughput" : 1.7047391749062393,
    "receivedKBytesPerSec" : 0.8340569595976816,
    "sentKBytesPerSec" : 0.23140502471871804
  },
  "Add Shopping Cart-0" : {
    "transaction" : "Add Shopping Cart-0",
    "sampleCount" : 10,
    "errorCount" : 0,
    "errorPct" : 0.0,
    "meanResTime" : 480.00000000000006,
    "medianResTime" : 462.5,
    "minResTime" : 439.0,
    "maxResTime" : 618.0,
    "pct1ResTime" : 611.0,
    "pct2ResTime" : 618.0,
    "pct3ResTime" : 618.0,
    "throughput" : 1.1185682326621924,
    "receivedKBytesPerSec" : 0.608439946868009,
    "sentKBytesPerSec" : 0.16385276845637584
  },
  "Registration page" : {
    "transaction" : "Registration page",
    "sampleCount" : 10,
    "errorCount" : 0,
    "errorPct" : 0.0,
    "meanResTime" : 2879.9,
    "medianResTime" : 2671.5,
    "minResTime" : 2041.0,
    "maxResTime" : 4722.0,
    "pct1ResTime" : 4599.900000000001,
    "pct2ResTime" : 4722.0,
    "pct3ResTime" : 4722.0,
    "throughput" : 1.0688328345446774,
    "receivedKBytesPerSec" : 40.335914119281746,
    "sentKBytesPerSec" : 0.1576110918127405
  },
  "After Login-1" : {
    "transaction" : "After Login-1",
    "sampleCount" : 10,
    "errorCount" : 0,
    "errorPct" : 0.0,
    "meanResTime" : 7261.599999999999,
    "medianResTime" : 6816.0,
    "minResTime" : 5519.0,
    "maxResTime" : 9096.0,
    "pct1ResTime" : 9076.3,
    "pct2ResTime" : 9096.0,
    "pct3ResTime" : 9096.0,
    "throughput" : 0.8722958827634334,
    "receivedKBytesPerSec" : 183.16850575715281,
    "sentKBytesPerSec" : 0.10307402520935101
  },
  "Add Shopping Cart-1" : {
    "transaction" : "Add Shopping Cart-1",
    "sampleCount" : 10,
    "errorCount" : 0,
    "errorPct" : 0.0,
    "meanResTime" : 1305.1,
    "medianResTime" : 1164.0,
    "minResTime" : 510.0,
    "maxResTime" : 2984.0,
    "pct1ResTime" : 2897.2000000000003,
    "pct2ResTime" : 2984.0,
    "pct3ResTime" : 2984.0,
    "throughput" : 1.1102475852115021,
    "receivedKBytesPerSec" : 30.903698165315866,
    "sentKBytesPerSec" : 0.16154969745753303
  },
  "Refund Policy" : {
    "transaction" : "Refund Policy",
    "sampleCount" : 10,
    "errorCount" : 0,
    "errorPct" : 0.0,
    "meanResTime" : 5070.400000000001,
    "medianResTime" : 5193.5,
    "minResTime" : 2328.0,
    "maxResTime" : 7976.0,
    "pct1ResTime" : 7874.6,
    "pct2ResTime" : 7976.0,
    "pct3ResTime" : 7976.0,
    "throughput" : 0.6500260010400416,
    "receivedKBytesPerSec" : 73.40025046314352,
    "sentKBytesPerSec" : 0.0850619962298492
  },
  "Replacement Policy" : {
    "transaction" : "Replacement Policy",
    "sampleCount" : 10,
    "errorCount" : 0,
    "errorPct" : 0.0,
    "meanResTime" : 4560.700000000001,
    "medianResTime" : 4061.0,
    "minResTime" : 2676.0,
    "maxResTime" : 7093.0,
    "pct1ResTime" : 7065.6,
    "pct2ResTime" : 7093.0,
    "pct3ResTime" : 7093.0,
    "throughput" : 0.821557673348669,
    "receivedKBytesPerSec" : 88.74828628204075,
    "sentKBytesPerSec" : 0.11152003573775879
  },
  "Use Coupons Page-0" : {
    "transaction" : "Use Coupons Page-0",
    "sampleCount" : 10,
    "errorCount" : 0,
    "errorPct" : 0.0,
    "meanResTime" : 189.00000000000003,
    "medianResTime" : 189.5,
    "minResTime" : 184.0,
    "maxResTime" : 194.0,
    "pct1ResTime" : 193.9,
    "pct2ResTime" : 194.0,
    "pct3ResTime" : 194.0,
    "throughput" : 0.7832693663350827,
    "receivedKBytesPerSec" : 0.41228729341270465,
    "sentKBytesPerSec" : 0.11856128103704865
  },
  "Use Coupons Page-1" : {
    "transaction" : "Use Coupons Page-1",
    "sampleCount" : 10,
    "errorCount" : 0,
    "errorPct" : 0.0,
    "meanResTime" : 1183.4,
    "medianResTime" : 1329.0,
    "minResTime" : 493.0,
    "maxResTime" : 1550.0,
    "pct1ResTime" : 1543.0,
    "pct2ResTime" : 1550.0,
    "pct3ResTime" : 1550.0,
    "throughput" : 0.7452120128176467,
    "receivedKBytesPerSec" : 20.272095536180043,
    "sentKBytesPerSec" : 0.10188445487741261
  },
  "After Login" : {
    "transaction" : "After Login",
    "sampleCount" : 10,
    "errorCount" : 0,
    "errorPct" : 0.0,
    "meanResTime" : 7626.400000000001,
    "medianResTime" : 7391.0,
    "minResTime" : 5689.0,
    "maxResTime" : 9664.0,
    "pct1ResTime" : 9637.3,
    "pct2ResTime" : 9664.0,
    "pct3ResTime" : 9664.0,
    "throughput" : 0.8598452278589854,
    "receivedKBytesPerSec" : 180.97474876397249,
    "sentKBytesPerSec" : 0.21832007738607048
  },
  "Customer Complain" : {
    "transaction" : "Customer Complain",
    "sampleCount" : 10,
    "errorCount" : 0,
    "errorPct" : 0.0,
    "meanResTime" : 2709.4,
    "medianResTime" : 2388.5,
    "minResTime" : 1579.0,
    "maxResTime" : 4385.0,
    "pct1ResTime" : 4326.6,
    "pct2ResTime" : 4385.0,
    "pct3ResTime" : 4385.0,
    "throughput" : 1.2822156686754713,
    "receivedKBytesPerSec" : 153.03569568213874,