{
  "Homepage" : {
    "transaction" : "Homepage",
    "sampleCount" : 5,
    "errorCount" : 0,
    "errorPct" : 0.0,
    "meanResTime" : 4768.6,
    "medianResTime" : 4519.0,
    "minResTime" : 3989.0,
    "maxResTime" : 6502.0,
    "pct1ResTime" : 6502.0,
    "pct2ResTime" : 6502.0,
    "pct3ResTime" : 6502.0,
    "throughput" : 0.7689941556444171,
    "receivedKBytesPerSec" : 161.47675715164564,
    "sentKBytesPerSec" : 0.08786359004921562
  },
  "Add Shopping Cart" : {
    "transaction" : "Add Shopping Cart",
    "sampleCount" : 5,
    "errorCount" : 0,
    "errorPct" : 0.0,
    "meanResTime" : 840.2,
    "medianResTime" : 809.0,
    "minResTime" : 654.0,
    "maxResTime" : 1044.0,
    "pct1ResTime" : 1044.0,
    "pct2ResTime" : 1044.0,
    "pct3ResTime" : 1044.0,
    "throughput" : 1.2976901116013497,
    "receivedKBytesPerSec" : 36.82702601868674,
    "sentKBytesPerSec" : 0.3789153743835972
  },
  "Category" : {
    "transaction" : "Category",
    "sampleCount" : 5,
    "errorCount" : 0,
    "errorPct" : 0.0,
    "meanResTime" : 1533.6,
    "medianResTime" : 1296.0,
    "minResTime" : 1230.0,
    "maxResTime" : 2598.0,
    "pct1ResTime" : 2598.0,
    "pct2ResTime" : 2598.0,
    "pct3ResTime" : 2598.0,
    "throughput" : 1.0315659170621003,
    "receivedKBytesPerSec" : 170.88433405972765,
    "sentKBytesPerSec" : 0.15211567722302455
  },
  "Use Coupons Page" : {
    "transaction" : "Use Coupons Page",
    "sampleCount" : 5,
    "errorCount" : 0,
    "errorPct" : 0.0,
    "meanResTime" : 672.0,
    "medianResTime" : 527.0,
    "minResTime" : 367.0,
    "maxResTime" : 1085.0,
    "pct1ResTime" : 1085.0,
    "pct2ResTime" : 1085.0,
    "pct3ResTime" : 1085.0,
    "throughput" : 0.9271277582050806,
    "receivedKBytesPerSec" : 25.708781927962175,
    "sentKBytesPerSec" : 0.267092469404784
  },
  "Bangla to English" : {
    "transaction" : "Bangla to English",
    "sampleCount" : 5,
    "errorCount" : 0,
    "errorPct" : 0.0,
    "meanResTime" : 1629.2,
    "medianResTime" : 1505.0,
    "minResTime" : 1318.0,
    "maxResTime" : 2190.0,
    "pct1ResTime" : 2190.0,
    "pct2ResTime" : 2190.0,
    "pct3ResTime" : 2190.0,
    "throughput" : 1.2391573729863692,
    "receivedKBytesPerSec" : 238.55715613382898,
    "sentKBytesPerSec" : 0.14521375464684014
  },
  "Product Check" : {
    "transaction" : "Product Check",
    "sampleCount" : 5,
    "errorCount" : 0,
    "errorPct" : 0.0,
    "meanResTime" : 2349.8,
    "medianResTime" : 2409.0,
    "minResTime" : 1148.0,
    "maxResTime" : 2993.0,
    "pct1ResTime" : 2993.0,
    "pct2ResTime" : 2993.0,
    "pct3ResTime" : 2993.0,
    "throughput" : 0.8302889405513119,
    "receivedKBytesPerSec" : 161.72990700763864,
    "sentKBytesPerSec" : 0.12486767270009963
  },
  "After Login-0" : {
    "transaction" : "After Login-0",
    "sampleCount" : 5,
    "errorCount" : 0,
    "errorPct" : 0.0,
    "meanResTime" : 166.8,
    "medianResTime" : 167.0,
    "minResTime" : 165.0,
    "maxResTime" : 169.0,
    "pct1ResTime" : 169.0,
    "pct2ResTime" : 169.0,
    "pct3ResTime" : 169.0,
    "throughput" : 1.8656716417910448,
    "receivedKBytesPerSec" : 0.9127944263059701,
    "sentKBytesPerSec" : 0.2532503498134328
  },
  "Add Shopping Cart-0" : {
    "transaction" : "Add Shopping Cart-0",
    "sampleCount" : 5,
    "errorCount" : 0,
    "errorPct" : 0.0,
    "meanResTime" : 530.2,
    "medianResTime" : 484.0,
    "minResTime" : 475.0,
    "maxResTime" : 720.0,
    "pct1ResTime" : 720.0,
    "pct2ResTime" : 720.0,
    "pct3ResTime" : 720.0,
    "throughput" : 1.3568521031207597,
    "receivedKBytesPerSec" : 0.7380533412483039,
    "sentKBytesPerSec" : 0.19875763229308005
  },
  "Registration page" : {
    "transaction" : "Registration page",
    "sampleCount" : 5,
    "errorCount" : 0,
    "errorPct" : 0.0,
    "meanResTime" : 2694.8,
    "medianResTime" : 2879.0,
    "minResTime" : 1966.0,
    "maxResTime" : 3619.0,
    "pct1ResTime" : 3619.0,
    "pct2ResTime" : 3619.0,
    "pct3ResTime" : 3619.0,
    "throughput" : 1.050420168067227,
    "receivedKBytesPerSec" : 39.64105173319328,
    "sentKBytesPerSec" : 0.15489594275210083
  },
  "After Login-1" : {
    "transaction" : "After Login-1",
    "sampleCount" : 5,
    "errorCount" : 0,
    "errorPct" : 0.0,
    "meanResTime" : 6585.4,
    "medianResTime" : 5951.0,
    "minResTime" : 5314.0,
    "maxResTime" : 9886.0,
    "pct1ResTime" : 9886.0,
    "pct2ResTime" : 9886.0,
    "pct3ResTime" : 9886.0,
    "throughput" : 0.47321597577134206,
    "receivedKBytesPerSec" : 99.36796091236039,
    "sentKBytesPerSec" : 0.05591712213704334
  },
  "Add Shopping Cart-1" : {
    "transaction" : "Add Shopping Cart-1",
    "sampleCount" : 5,
    "errorCount" : 0,
    "errorPct" : 0.0,
    "meanResTime" : 310.0,
    "medianResTime" : 331.0,
    "minResTime" : 168.0,
    "maxResTime" : 547.0,
    "pct1ResTime" : 547.0,
    "pct2ResTime" : 547.0,
    "pct3ResTime" : 547.0,
    "throughput" : 1.4841199168892847,
    "receivedKBytesPerSec" : 41.31041991317898,
    "sentKBytesPerSec" : 0.2159510425942416
  },
  "Refund Policy" : {
    "transaction" : "Refund Policy",
    "sampleCount" : 5,
    "errorCount" : 0,
    "errorPct" : 0.0,
    "meanResTime" : 1285.6,
    "medianResTime" : 1430.0,
    "minResTime" : 591.0,
    "maxResTime" : 1718.0,
    "pct1ResTime" : 1718.0,
    "pct2ResTime" : 1718.0,
    "pct3ResTime" : 1718.0,
    "throughput" : 0.8033419023136247,
    "receivedKBytesPerSec" : 90.7125203345919,
    "sentKBytesPerSec" : 0.10512481924807197
  },
  "Replacement Policy" : {
    "transaction" : "Replacement Policy",
    "sampleCount" : 5,
    "errorCount" : 0,
    "errorPct" : 0.0,
    "meanResTime" : 1286.0,
    "medianResTime" : 1062.0,
    "minResTime" : 899.0,
    "maxResTime" : 2274.0,
    "pct1ResTime" : 2274.0,
    "pct2ResTime" : 2274.0,
    "pct3ResTime" : 2274.0,
    "throughput" : 0.7654623392529087,
    "receivedKBytesPerSec" : 82.68862068470607,
    "sentKBytesPerSec" : 0.10390553237905695
  },
  "Use Coupons Page-0" : {
    "transaction" : "Use Coupons Page-0",
    "sampleCount" : 5,
    "errorCount" : 0,
    "errorPct" : 0.0,
    "meanResTime" : 194.0,
    "medianResTime" : 193.0,
    "minResTime" : 186.0,
    "maxResTime" : 205.0,
    "pct1ResTime" : 205.0,
    "pct2ResTime" : 205.0,
    "pct3ResTime" : 205.0,
    "throughput" : 0.9879470460383323,
    "receivedKBytesPerSec" : 0.52002290802213,
    "sentKBytesPerSec" : 0.14954276575775538
  },
  "Use Coupons Page-1" : {
    "transaction" : "Use Coupons Page-1",
    "sampleCount" : 5,
    "errorCount" : 0,
    "errorPct" : 0.0,
    "meanResTime" : 477.8,
    "medianResTime" : 338.0,
    "minResTime" : 170.0,
    "maxResTime" : 879.0,
    "pct1ResTime" : 879.0,
    "pct2ResTime" : 879.0,
    "pct3ResTime" : 879.0,
    "throughput" : 0.962278675904542,
    "receivedKBytesPerSec" : 26.176987105465745,
    "sentKBytesPerSec" : 0.1315615377213241
  },
  "After Login" : {
    "transaction" : "After Login",
    "sampleCount" : 5,
    "errorCount" : 0,
    "errorPct" : 0.0,
    "meanResTime" : 6753.0,
    "medianResTime" : 6121.0,
    "minResTime" : 5482.0,
    "maxResTime" : 10052.0,
    "pct1ResTime" : 10052.0,
    "pct2ResTime" : 10052.0,
    "pct3ResTime" : 10052.0,
    "throughput" : 0.46572280178837555,
    "receivedKBytesPerSec" : 98.02236997601527,
    "sentKBytesPerSec" : 0.11824993014157972
  },
  "Customer Complain" : {
    "transaction" : "Customer Complain",
    "sampleCount" : 5,
    "errorCount" : 0,
    "errorPct" : 0.0,
    "meanResTime" : 1235.8,
    "medianResTime" : 1202.0,
    "minResTime" : 1031.0,
    "maxResTime" : 1481.0,
    "pct1ResTime" : 1481.0,
    "pct2ResTime" : 1481.0,
    "pct3ResTime" : 1481.0,
    "throughput" : 1.0688328345446774,
    "receivedKBytesPerSec" : 127.56791263627619,
    "sentKBytesPerSec" : 0.14404192496793503
  },
  "Total" : {
    "transaction" : "Total",
    "sampleCount" : 100,
    "errorCount" : 0,
    "errorPct" : 0.0,
    "meanResTime" : 1887.1700000000005,