{
  "Homepage" : {
    "transaction" : "Homepage",
    "sampleCount" : 30,
    "errorCount" : 0,
    "errorPct" : 0.0,
    "meanResTime" : 24862.93333333333,
    "medianResTime" : 24205.0,
    "minResTime" : 15255.0,
    "maxResTime" : 47373.0,
    "pct1ResTime" : 33731.3,
    "pct2ResTime" : 41894.44999999999,
    "pct3ResTime" : 47373.0,
    "throughput" : 0.6310873635273576,
    "receivedKBytesPerSec" : 132.51848560068998,
    "sentKBytesPerSec" : 0.07210666165302818
  },
  "Add Shopping Cart" : {
    "transaction" : "Add Shopping Cart",
    "sampleCount" : 30,
    "errorCount" : 0,
    "errorPct" : 0.0,
    "meanResTime" : 3092.0000000000005,
    "medianResTime" : 2930.5,
    "minResTime" : 1480.0,
    "maxResTime" : 6482.0,
    "pct1ResTime" : 4966.400000000001,
    "pct2ResTime" : 5709.799999999999,
    "pct3ResTime" : 6482.0,
    "throughput" : 0.44194337232255976,
    "receivedKBytesPerSec" : 12.541869530950766,
    "sentKBytesPerSec" : 0.12904401203559115
  },
  "Category" : {
    "transaction" : "Category",
    "sampleCount" : 30,
    "errorCount" : 0,
    "errorPct" : 0.0,
    "meanResTime" : 11934.633333333333,
    "medianResTime" : 11979.0,
    "minResTime" : 3984.0,
    "maxResTime" : 18540.0,
    "pct1ResTime" : 16940.2,
    "pct2ResTime" : 18495.45,
    "pct3ResTime" : 18540.0,
    "throughput" : 0.3531780134914001,
    "receivedKBytesPerSec" : 58.50580039703095,
    "sentKBytesPerSec" : 0.05207996097382951
  },
  "Use Coupons Page" : {
    "transaction" : "Use Coupons Page",
    "sampleCount" : 30,
    "errorCount" : 0,
    "errorPct" : 0.0,
    "meanResTime" : 2402.5999999999995,
    "medianResTime" : 1884.5,
    "minResTime" : 635.0,
    "maxResTime" : 8107.0,
    "pct1ResTime" : 5830.700000000004,
    "pct2ResTime" : 7077.949999999999,
    "pct3ResTime" : 8107.0,
    "throughput" : 0.5377307761247536,
    "receivedKBytesPerSec" : 14.911001355529665,
    "sentKBytesPerSec" : 0.15491267476250226
  },
  "Bangla to English" : {
    "transaction" : "Bangla to English",
    "sampleCount" : 30,
    "errorCount" : 0,
    "errorPct" : 0.0,
    "meanResTime" : 18499.033333333333,
    "medianResTime" : 19322.0,
    "minResTime" : 8736.0,
    "maxResTime" : 35555.0,
    "pct1ResTime" : 24790.600000000002,
    "pct2ResTime" : 29756.34999999999,
    "pct3ResTime" : 35555.0,
    "throughput" : 0.5755506100836467,
    "receivedKBytesPerSec" : 110.80248541938454,
    "sentKBytesPerSec" : 0.06744733711917734
  },
  "Product Check" : {
    "transaction" : "Product Check",
    "sampleCount" : 30,
    "errorCount" : 0,
    "errorPct" : 0.0,
    "meanResTime" : 12104.166666666668,
    "medianResTime" : 11892.0,
    "minResTime" : 5043.0,
    "maxResTime" : 18895.0,
    "pct1ResTime" : 16144.100000000002,
    "pct2ResTime" : 18631.0,
    "pct3ResTime" : 18895.0,
    "throughput" : 0.4286816609985425,
    "receivedKBytesPerSec" : 83.50199649552742,
    "sentKBytesPerSec" : 0.06446970292360893
  },
  "After Login-0" : {
    "transaction" : "After Login-0",
    "sampleCount" : 30,
    "errorCount" : 0,
    "errorPct" : 0.0,
    "meanResTime" : 396.73333333333323,
    "medianResTime" : 244.5,
    "minResTime" : 218.0,
    "maxResTime" : 1730.0,
    "pct1ResTime" : 744.8,
    "pct2ResTime" : 1423.0999999999997,
    "pct3ResTime" : 1730.0,
    "throughput" : 0.6079889751332509,
    "receivedKBytesPerSec" : 0.2974633559978112,
    "sentKBytesPerSec" : 0.08252975346047058
  },
  "Add Shopping Cart-0" : {
    "transaction" : "Add Shopping Cart-0",
    "sampleCount" : 30,
    "errorCount" : 0,
    "errorPct" : 0.0,
    "meanResTime" : 713.9,
    "medianResTime" : 550.0,
    "minResTime" : 498.0,
    "maxResTime" : 1637.0,
    "pct1ResTime" : 1082.3000000000002,
    "pct2ResTime" : 1544.05,
    "pct3ResTime" : 1637.0,
    "throughput" : 0.44822949350067237,
    "receivedKBytesPerSec" : 0.24381233191393992,
    "sentKBytesPerSec" : 0.06565861721201255
  },
  "Registration page" : {
    "transaction" : "Registration page",
    "sampleCount" : 30,
    "errorCount" : 0,
    "errorPct" : 0.0,
    "meanResTime" : 7935.633333333332,
    "medianResTime" : 5508.5,
    "minResTime" : 2844.0,
    "maxResTime" : 30932.0,
    "pct1ResTime" : 25308.30000000003,
    "pct2ResTime" : 30524.45,
    "pct3ResTime" : 30932.0,
    "throughput" : 0.5735918320523116,
    "receivedKBytesPerSec" : 21.31804830599212,
    "sentKBytesPerSec" : 0.08458238929677642
  },
  "After Login-1" : {
    "transaction" : "After Login-1",
    "sampleCount" : 30,
    "errorCount" : 0,
    "errorPct" : 0.0,
    "meanResTime" : 22335.966666666667,
    "medianResTime" : 19510.0,
    "minResTime" : 9909.0,
    "maxResTime" : 54388.0,
    "pct1ResTime" : 31304.200000000004,
    "pct2ResTime" : 45275.04999999999,
    "pct3ResTime" : 54388.0,
    "throughput" : 0.4070445849502049,
    "receivedKBytesPerSec" : 85.47300276790318,
    "sentKBytesPerSec" : 0.04809804177634257
  },
  "Add Shopping Cart-1" : {
    "transaction" : "Add Shopping Cart-1",
    "sampleCount" : 30,
    "errorCount" : 0,
    "errorPct" : 0.0,
    "meanResTime" : 2378.0,
    "medianResTime" : 2415.5,
    "minResTime" : 951.0,
    "maxResTime" : 5939.0,
    "pct1ResTime" : 3584.7000000000007,
    "pct2ResTime" : 4779.049999999998,
    "pct3ResTime" : 5939.0,
    "throughput" : 0.4453549478934711,
    "receivedKBytesPerSec" : 12.396437577937117,
    "sentKBytesPerSec" : 0.06480262425403047
  },
  "Refund Policy" : {
    "transaction" : "Refund Policy",
    "sampleCount" : 30,
    "errorCount" : 1,
    "errorPct" : 3.3333333,
    "meanResTime" : 16513.9,
    "medianResTime" : 5576.5,
    "minResTime" : 1067.0,
    "maxResTime" : 332759.0,
    "pct1ResTime" : 9536.400000000001,
    "pct2ResTime" : 156224.39999999976,
    "pct3ResTime" : 332759.0,
    "throughput" : 0.08455944529003889,
    "receivedKBytesPerSec" : 9.237238570381646,
    "sentKBytesPerSec" : 0.010696549622301146
  },
  "Replacement Policy" : {
    "transaction" : "Replacement Policy",
    "sampleCount" : 30,
    "errorCount" : 0,
    "errorPct" : 0.0,
    "meanResTime" : 4668.366666666668,
    "medianResTime" : 4106.0,
    "minResTime" : 738.0,
    "maxResTime" : 11107.0,
    "pct1ResTime" : 7998.8,
    "pct2ResTime" : 11099.3,
    "pct3ResTime" : 11107.0,
    "throughput" : 0.08530191190018538,
    "receivedKBytesPerSec" : 9.214689051428522,
    "sentKBytesPerSec" : 0.011579068119263446
  },
  "Use Coupons Page-0" : {
    "transaction" : "Use Coupons Page-0",
    "sampleCount" : 30,
    "errorCount" : 0,
    "errorPct" : 0.0,
    "meanResTime" : 568.0666666666668,
    "medianResTime" : 276.5,
    "minResTime" : 224.0,
    "maxResTime" : 3753.0,
    "pct1ResTime" : 1307.9000000000012,
    "pct2ResTime" : 2539.6999999999985,
    "pct3ResTime" : 3753.0,
    "throughput" : 0.5414771496642842,
    "receivedKBytesPerSec" : 0.2850158043643058,
    "sentKBytesPerSec" : 0.08196187324019925
  },
  "Use Coupons Page-1" : {
    "transaction" : "Use Coupons Page-1",
    "sampleCount" : 30,
    "errorCount" : 0,
    "errorPct" : 0.0,
    "meanResTime" : 1834.3333333333333,
    "medianResTime" : 1441.5,
    "minResTime" : 386.0,
    "maxResTime" : 7339.0,
    "pct1ResTime" : 3149.0000000000014,
    "pct2ResTime" : 6470.549999999999,
    "pct3ResTime" : 7339.0,
    "throughput" : 0.540316625542568,
    "receivedKBytesPerSec" : 14.698300704212668,
    "sentKBytesPerSec" : 0.07387141364839796
  },
  "After Login" : {
    "transaction" : "After Login",
    "sampleCount" : 30,
    "errorCount" : 0,
    "errorPct" : 0.0,
    "meanResTime" : 22733.4,
    "medianResTime" : 19884.5,
    "minResTime" : 10144.0,
    "maxResTime" : 54629.0,
    "pct1ResTime" : 31545.100000000002,
    "pct2ResTime" : 45522.09999999999,
    "pct3ResTime" : 54629.0,
    "throughput" : 0.40570145782057176,
    "receivedKBytesPerSec" : 85.38945966482298,
    "sentKBytesPerSec" : 0.10301013577475455
  },
  "Customer Complain" : {
    "transaction" : "Customer Complain",
    "sampleCount" : 30,
    "errorCount" : 0,